tokyo_temp_mean,tokyo_temp_max,tokyo_temp_min,tokyo_hum,tokyo_press,tokyo_precip,tokyo_sun,kofu_temp_mean,kofu_temp_max,kofu_temp_min,kofu_hum,kofu_press,kofu_precip,kofu_sun,date
9.170833333333334,12.0,4.4,47.916666666666664,1018.75,0.0,0.0,7.770833333333333,12.1,1.7,48.458333333333336,1019.2375000000002,0.0,0.0,2024-01-01
6.066666666666667,8.6,3.2,64.58333333333333,1020.4166666666666,0.0,0.0,3.3458333333333337,9.7,-0.7,70.91666666666667,1021.5,0.0,0.0,2024-01-02
7.3625,10.8,2.9,72.41666666666667,1013.4916666666667,0.0,0.0,3.683333333333333,8.1,-0.9,83.625,1015.1916666666666,0.5,0.0,2024-01-03
9.6875,14.7,6.6,57.875,1012.8541666666666,0.0,0.0,7.020833333333332,13.2,1.0,64.75,1014.3833333333333,0.0,0.0,2024-01-04
7.429166666666667,13.1,3.4,57.375,1018.9958333333333,0.0,0.0,4.229166666666667,12.5,-2.0,68.58333333333333,1020.5500000000001,0.0,0.0,2024-01-05
9.141666666666666,15.2,3.4,60.916666666666664,1012.2833333333334,0.0,0.0,5.004166666666666,13.2,-1.3,70.66666666666667,1014.2708333333334,0.0,0.0,2024-01-06
8.341666666666667,11.6,5.8,52.708333333333336,1008.1541666666667,0.0,0.0,6.395833333333333,12.4,1.2,48.916666666666664,1008.4833333333335,0.0,0.0,2024-01-07
5.4375,9.6,2.8,42.625,1017.6833333333333,0.0,0.0,4.2749999999999995,8.8,-1.4,35.916666666666664,1017.8000000000001,0.0,0.0,2024-01-08
5.416666666666667,10.1,1.9,48.708333333333336,1017.3000000000001,0.0,0.0,1.4541666666666666,8.6,-4.1,58.416666666666664,1018.7583333333332,0.0,0.0,2024-01-09
7.195833333333333,11.7,2.3,52.083333333333336,1012.6125000000001,0.0,0.0,2.9416666666666664,10.2,-2.9,65.75,1013.8000000000001,0.0,0.0,2024-01-10
4.75,6.9,1.8,50.666666666666664,1013.6791666666667,0.0,0.0,2.516666666666667,7.1,-2.5,67.625,1013.7583333333336,0.0,0.0,2024-01-11
7.083333333333333,13.5,0.9,52.5,1009.0708333333333,0.0,0.0,3.1458333333333335,13.4,-5.2,56.625,1010.8624999999998,0.0,0.0,2024-01-12
5.895833333333333,10.9,1.3,59.25,1011.5666666666666,2.0,0.0,3.1625,11.5,-2.1,54.708333333333336,1012.0916666666667,0.0,0.0,2024-01-13
6.429166666666667,10.5,1.2,48.916666666666664,1019.5499999999998,0.0,0.0,1.8250000000000002,8.5,-4.1,48.625,1021.7875,0.0,0.0,2024-01-14
6.2875000000000005,11.1,2.9,44.416666666666664,1010.4708333333333,0.0,0.0,4.095833333333333,12.2,-1.7,43.25,1011.35,0.0,0.0,2024-01-15
3.704166666666667,6.7,0.6,42.875,1019.7833333333334,0.0,0.0,4.041666666666667,6.7,1.3,27.791666666666668,1020.0291666666667,0.0,0.0,2024-01-16
6.229166666666667,11.8,1.3,48.125,1025.9041666666665,0.0,0.0,3.266666666666666,11.2,-3.3,40.958333333333336,1027.3291666666667,0.0,0.0,2024-01-17
8.470833333333333,12.3,2.7,49.375,1019.65,0.0,0.0,5.958333333333333,14.4,-1.3,49.833333333333336,1020.7125,0.0,0.0,2024-01-18
10.216666666666667,14.3,7.6,58.333333333333336,1023.9291666666668,0.0,0.0,9.170833333333334,15.9,4.1,60.041666666666664,1022.8125,0.0,0.0,2024-01-19
6.2749999999999995,7.3,4.7,68.66666666666667,1028.4875,2.5,0.0,5.991666666666667,7.1,5.1,84.75,1027.6625000000001,11.0,0.0,2024-01-20
8.058333333333334,11.6,4.7,89.75,1013.8666666666667,31.5,0.0,6.366666666666667,10.2,4.4,97.5,1014.8791666666667,22.5,0.0,2024-01-21
10.691666666666668,13.8,6.9,75.79166666666667,1014.4708333333334,0.0,0.0,5.308333333333334,9.0,1.5,92.54166666666667,1015.35,0.0,0.0,2024-01-22
9.0375,12.8,5.5,65.45833333333333,1003.4666666666667,0.0,0.0,5.570833333333333,12.9,2.1,65.58333333333333,1004.4041666666666,0.0,0.0,2024-01-23
4.533333333333333,7.0,1.1,31.125,1004.6166666666667,0.0,0.0,2.216666666666667,4.1,0.7,30.916666666666668,1005.7875,0.0,0.0,2024-01-24
4.204166666666667,8.8,-0.9,29.541666666666668,1010.3791666666666,0.0,0.0,3.1833333333333336,6.5,0.5,27.958333333333332,1011.4874999999998,0.0,0.0,2024-01-25
6.220833333333334,11.3,2.4,34.666666666666664,1014.1374999999999,0.0,0.0,5.091666666666666,10.8,-0.1,31.833333333333332,1014.7291666666666,0.0,0.0,2024-01-26
7.2250000000000005,11.8,3.6,38.125,1018.5083333333333,0.0,0.0,2.9583333333333335,10.0,-3.1,50.125,1019.8458333333333,0.0,0.0,2024-01-27
5.9750000000000005,9.3,3.1,49.916666666666664,1020.9541666666668,0.0,0.0,3.391666666666667,10.0,-2.5,54.416666666666664,1021.4125,0.0,0.0,2024-01-28
6.845833333333332,11.3,3.1,50.666666666666664,1027.2,0.0,0.0,4.429166666666666,10.3,-2.5,58.458333333333336,1027.4291666666666,0.0,0.0,2024-01-29
7.6499999999999995,12.0,4.2,51.875,1028.8541666666667,0.0,0.0,5.675,12.2,-0.2,59.75,1028.9333333333334,0.0,0.0,2024-01-30
9.316666666666666,13.3,3.5,63.458333333333336,1023.4916666666667,0.0,0.0,5.966666666666666,12.8,-0.7,65.70833333333333,1024.8416666666665,0.0,0.0,2024-01-31
9.804166666666667,15.9,5.1,48.125,1014.1708333333332,0.0,0.0,8.174999999999999,17.5,2.5,63.208333333333336,1014.8249999999999,0.0,0.0,2024-02-01
5.020833333333333,6.2,3.7,43.083333333333336,1022.625,0.0,0.0,4.058333333333334,7.4,1.9,50.708333333333336,1021.9875000000002,0.0,0.0,2024-02-02
6.862500000000001,11.1,3.8,43.958333333333336,1025.4541666666667,0.0,0.0,4.7,10.5,-1.8,50.333333333333336,1025.7250000000001,0.0,0.0,2024-02-03
4.8500000000000005,6.7,2.6,76.79166666666667,1024.1083333333333,5.0,0.0,5.058333333333333,7.6,3.2,75.20833333333333,1023.9666666666667,0.5,0.0,2024-02-04
2.9958333333333336,6.0,0.4,75.20833333333333,1019.1625,35.0,9.0,1.7625,4.0,0.2,87.58333333333333,1019.275,32.5,12.0,2024-02-05
3.3708333333333336,5.0,1.2,93.125,1016.2708333333334,2.0,0.0,1.9166666666666667,4.6,0.2,95.16666666666667,1016.8458333333333,0.5,0.0,2024-02-06
4.695833333333334,9.0,0.0,68.625,1016.1291666666667,0.0,0.0,2.0458333333333334,7.7,-2.4,81.04166666666667,1016.7374999999998,0.0,0.0,2024-02-07
5.675,10.3,1.9,59.458333333333336,1016.2458333333334,0.0,0.0,1.9833333333333334,8.4,-3.1,75.95833333333333,1017.3958333333334,0.0,0.0,2024-02-08
6.845833333333334,10.6,3.3,56.458333333333336,1018.0916666666666,0.0,0.0,3.8249999999999997,9.5,-1.5,70.41666666666667,1018.3833333333333,0.0,0.0,2024-02-09
7.125,11.6,2.1,61.0,1015.9875000000001,0.0,0.0,5.258333333333334,11.5,-1.1,67.70833333333333,1016.0208333333334,0.0,0.0,2024-02-10
8.0875,11.6,4.7,46.791666666666664,1017.1083333333332,0.0,0.0,4.6375,10.7,-0.8,67.95833333333333,1017.5666666666666,3.5,0.0,2024-02-11
7.283333333333334,11.8,3.9,49.5,1024.325,0.0,0.0,5.566666666666666,12.7,0.3,59.916666666666664,1024.4916666666668,0.0,0.0,2024-02-12
9.554166666666667,16.3,2.1,52.375,1027.1875,0.0,0.0,5.358333333333333,14.4,-1.7,63.708333333333336,1030.0708333333332,0.0,0.0,2024-02-13
10.941666666666668,17.5,4.8,44.833333333333336,1023.6875,0.0,0.0,7.591666666666666,16.5,-0.4,62.416666666666664,1025.4208333333333,0.0,0.0,2024-02-14
14.366666666666665,20.6,6.9,63.083333333333336,1015.0750000000002,0.0,0.0,10.204166666666667,16.4,2.3,71.33333333333333,1016.4458333333332,0.0,0.0,2024-02-15
10.6,16.3,6.2,45.916666666666664,1015.4500000000002,0.0,0.0,10.258333333333333,14.1,6.0,49.333333333333336,1014.5541666666668,0.5,0.0,2024-02-16
9.033333333333333,12.8,4.7,58.416666666666664,1025.1916666666666,0.0,0.0,9.0375,14.2,2.6,62.833333333333336,1023.9083333333333,0.0,0.0,2024-02-17
13.4125,18.0,9.6,68.75,1028.5458333333333,0.0,0.0,11.691666666666668,15.4,8.0,70.29166666666667,1028.3791666666666,0.0,0.0,2024-02-18
15.008333333333333,17.2,13.2,84.79166666666667,1022.2458333333334,5.0,0.0,13.5875,18.5,9.9,80.875,1021.4291666666667,3.5,0.0,2024-02-19
18.066666666666666,22.6,13.0,78.16666666666667,1016.225,0.0,0.0,16.695833333333333,23.5,13.0,73.95833333333333,1015.5375,0.0,0.0,2024-02-20
8.729166666666666,12.4,7.7,90.70833333333333,1019.7791666666667,5.5,0.0,13.341666666666667,14.4,11.5,82.58333333333333,1016.0625,4.5,0.0,2024-02-21
5.504166666666666,6.9,3.7,94.91666666666667,1019.7916666666666,6.5,0.0,7.716666666666666,11.6,4.6,92.08333333333333,1017.1374999999999,17.5,0.0,2024-02-22
2.7583333333333333,3.6,1.8,92.75,1022.625,6.5,0.0,4.666666666666667,5.5,3.1,85.16666666666667,1020.9916666666668,1.5,0.0,2024-02-23
5.295833333333333,9.4,1.6,60.041666666666664,1026.425,0.0,0.0,5.345833333333334,10.3,0.2,61.541666666666664,1025.3833333333334,0.0,0.0,2024-02-24
4.3625,4.9,3.6,84.45833333333333,1020.9249999999998,8.5,0.0,2.5708333333333333,5.0,0.6,89.16666666666667,1021.3458333333334,12.0,0.0,2024-02-25
7.845833333333334,12.7,4.9,56.875,1013.2291666666666,0.5,0.0,5.4750000000000005,10.8,0.8,62.375,1014.9916666666667,0.0,0.0,2024-02-26
6.9750000000000005,10.9,4.5,38.916666666666664,1016.1666666666666,0.0,0.0,4.8625,9.6,1.8,40.458333333333336,1018.8958333333334,0.0,0.0,2024-02-27
8.279166666666667,13.6,4.3,40.416666666666664,1023.6958333333333,0.0,0.0,5.983333333333334,14.2,-0.5,47.833333333333336,1024.6,0.0,0.0,2024-02-28
7.595833333333334,11.8,3.9,61.625,1023.3249999999999,4.0,0.0,6.291666666666667,13.6,0.2,68.04166666666667,1022.7166666666666,9.0,0.0,2024-02-29
9.875,16.0,3.8,67.95833333333333,1003.5791666666668,15.5,0.0,8.387500000000001,15.5,2.0,61.416666666666664,1004.0583333333334,15.0,0.0,2024-03-01
6.316666666666666,9.0,4.1,37.75,1010.7583333333332,0.0,0.0,6.516666666666667,10.9,3.1,24.625,1009.9583333333334,0.0,0.0,2024-03-02
7.520833333333333,12.5,1.5,40.791666666666664,1014.3541666666666,0.0,0.0,5.470833333333334,12.4,-1.8,39.333333333333336,1014.8333333333334,0.0,0.0,2024-03-03
9.441666666666666,15.3,3.6,41.458333333333336,1017.35,0.0,0.0,6.945833333333333,14.1,-0.2,41.958333333333336,1017.5708333333333,0.0,0.0,2024-03-04
6.395833333333333,8.5,2.0,71.20833333333333,1019.8583333333332,19.0,0.0,3.9499999999999997,7.9,0.2,72.41666666666667,1019.6625,26.0,5.0,2024-03-05
5.641666666666667,9.7,2.1,82.54166666666667,1008.1583333333334,11.0,0.0,4.458333333333333,8.5,0.6,81.33333333333333,1008.2708333333334,4.0,0.0,2024-03-06
6.920833333333333,10.1,4.9,55.708333333333336,1013.8125,0.0,0.0,5.837500000000001,7.6,4.0,61.291666666666664,1012.9416666666666,0.0,0.0,2024-03-07
4.4625,8.9,0.5,88.29166666666667,1007.3791666666666,19.0,1.0,7.412499999999999,13.0,3.4,54.5,1005.6833333333334,0.0,0.0,2024-03-08
6.133333333333333,10.1,2.7,53.291666666666664,1010.4208333333332,0.0,0.0,4.2875000000000005,8.4,-0.1,37.458333333333336,1011.6416666666668,0.0,0.0,2024-03-09
6.670833333333334,12.5,1.0,39.916666666666664,1023.0,0.0,0.0,4.704166666666667,12.7,-2.9,41.833333333333336,1023.0666666666666,0.0,0.0,2024-03-10
8.179166666666667,13.0,2.4,49.375,1024.2333333333333,0.0,0.0,6.3500000000000005,14.0,-1.5,56.583333333333336,1024.2250000000001,0.0,0.0,2024-03-11
7.795833333333333,9.5,6.3,79.20833333333333,1007.4708333333333,36.0,0.0,4.825,7.5,3.1,84.58333333333333,1008.8791666666666,28.5,0.0,2024-03-12
9.541666666666666,13.2,6.7,46.125,1008.9833333333332,0.0,0.0,8.525,13.0,3.1,44.166666666666664,1009.4833333333335,0.0,0.0,2024-03-13
9.466666666666667,14.3,3.2,51.083333333333336,1016.8416666666667,0.0,0.0,7.425,16.3,-0.7,48.583333333333336,1017.3541666666666,0.0,0.0,2024-03-14
11.833333333333334,16.8,6.3,49.416666666666664,1016.7583333333333,0.0,0.0,9.866666666666667,18.4,0.9,47.041666666666664,1017.4250000000001,0.0,0.0,2024-03-15
14.754166666666668,21.1,10.8,46.833333333333336,1018.1375000000002,0.0,0.0,14.054166666666667,22.3,7.2,40.541666666666664,1017.5541666666667,0.0,0.0,2024-03-16
15.979166666666666,21.4,10.2,56.083333333333336,1008.6041666666666,0.0,0.0,13.520833333333334,19.1,7.0,55.333333333333336,1009.0875,0.0,0.0,2024-03-17
9.533333333333333,13.2,4.4,30.208333333333332,1010.2666666666668,0.0,0.0,9.445833333333333,13.9,3.7,21.25,1010.2166666666667,0.0,0.0,2024-03-18
8.383333333333333,11.7,4.5,40.583333333333336,1015.4416666666666,0.0,0.0,6.454166666666667,11.8,1.7,40.0,1015.75,0.0,0.0,2024-03-19
8.545833333333334,15.3,5.0,54.458333333333336,1000.0749999999999,1.0,0.0,5.595833333333334,12.4,1.7,56.625,1002.1458333333334,1.0,0.0,2024-03-20
6.516666666666666,10.6,3.7,33.833333333333336,1010.15,0.0,0.0,4.545833333333333,9.2,1.0,28.958333333333332,1011.3166666666666,0.0,0.0,2024-03-21
7.183333333333334,13.1,1.9,34.208333333333336,1019.5500000000001,0.0,0.0,5.470833333333334,12.7,-2.2,36.958333333333336,1019.3166666666666,0.0,0.0,2024-03-22
5.733333333333333,8.3,3.2,63.208333333333336,1019.2541666666666,0.5,0.0,3.766666666666667,6.1,1.4,81.75,1020.5499999999998,2.0,0.0,2024-03-23
10.154166666666667,15.0,4.3,83.25,1020.1458333333334,1.0,0.0,6.595833333333334,9.3,3.7,87.54166666666667,1021.4541666666668,0.5,0.0,2024-03-24
11.3125,12.2,10.9,98.20833333333333,1015.875,9.0,0.0,9.166666666666666,10.1,7.7,95.5,1016.3666666666667,3.0,0.0,2024-03-25
9.375,11.7,6.2,94.125,1009.2083333333334,45.0,0.0,9.329166666666667,10.1,7.8,93.04166666666667,1008.4166666666666,29.0,0.0,2024-03-26
10.945833333333335,15.6,6.7,53.791666666666664,1020.2041666666668,0.0,0.0,10.841666666666669,17.8,3.9,54.291666666666664,1019.4125,0.0,0.0,2024-03-27
10.85,13.9,7.4,67.79166666666667,1023.4833333333332,2.5,0.0,10.554166666666667,14.2,7.5,77.0,1022.2291666666666,9.0,0.0,2024-03-28
16.25,21.9,12.1,88.29166666666667,1006.6749999999998,29.0,0.0,15.3375,24.6,9.3,76.20833333333333,1005.9875000000001,24.0,0.0,2024-03-29
17.804166666666667,23.7,12.8,65.95833333333333,1008.3291666666668,0.0,0.0,17.295833333333334,25.4,7.9,46.041666666666664,1008.0541666666667,0.0,0.0,2024-03-30
19.52916666666667,27.2,12.5,61.125,1006.5333333333332,0.0,0.0,20.704166666666666,27.7,13.2,32.416666666666664,1006.1291666666667,0.0,0.0,2024-03-31
14.579166666666666,18.6,12.2,72.54166666666667,1007.5499999999998,3.0,0.0,17.2625,22.6,11.2,37.666666666666664,1005.5666666666666,0.0,0.0,2024-04-01
14.225000000000001,19.1,9.1,50.041666666666664,1016.5749999999999,0.0,0.0,13.858333333333334,20.9,6.1,43.666666666666664,1015.4291666666668,0.0,0.0,2024-04-02
13.862499999999999,16.2,12.4,82.5,1012.8375000000001,11.5,0.0,11.9,13.3,10.8,84.08333333333333,1013.0166666666668,14.5,0.0,2024-04-03
15.375,19.2,11.4,79.08333333333333,1007.9250000000001,4.0,0.0,15.645833333333334,21.2,11.4,76.75,1007.225,3.5,0.0,2024-04-04
11.429166666666665,14.9,9.4,71.08333333333333,1019.9583333333334,0.5,0.0,12.237499999999999,14.1,10.6,76.33333333333333,1018.1083333333332,0.0,0.0,2024-04-05
12.704166666666666,15.6,9.0,81.375,1020.7458333333333,0.0,0.0,15.329166666666666,21.5,10.7,70.25,1019.0416666666666,0.0,0.0,2024-04-06
17.020833333333332,21.4,13.1,82.54166666666667,1018.1958333333332,1.5,0.0,17.8,25.2,11.0,66.75,1016.9958333333334,0.0,0.0,2024-04-07
18.779166666666665,22.2,15.4,84.58333333333333,1017.8416666666667,0.0,0.0,18.004166666666666,24.1,14.2,75.41666666666667,1016.9125,0.0,0.0,2024-04-08
15.629166666666668,19.6,9.7,77.66666666666667,1008.7999999999998,55.5,0.0,13.800000000000002,15.4,8.6,73.16666666666667,1008.9,43.5,0.0,2024-04-09
11.691666666666668,16.7,7.7,46.5,1026.6708333333333,0.0,0.0,11.495833333333332,19.3,4.0,47.5,1025.4624999999999,0.0,0.0,2024-04-10
13.949999999999998,18.8,8.0,61.5,1028.5291666666667,0.0,0.0,12.9,20.6,5.9,56.458333333333336,1027.3291666666667,0.0,0.0,2024-04-11
15.041666666666666,17.4,13.2,73.08333333333333,1020.8625000000001,2.5,0.0,16.254166666666666,23.2,11.0,56.666666666666664,1019.1041666666666,0.0,0.0,2024-04-12
16.408333333333335,21.4,11.9,68.20833333333333,1018.7416666666667,0.0,0.0,16.804166666666667,26.7,9.4,59.25,1017.2875,0.0,0.0,2024-04-13
17.995833333333334,24.5,13.0,65.79166666666667,1021.9,0.0,0.0,17.870833333333334,27.6,10.5,60.875,1021.1166666666667,0.0,0.0,2024-04-14
19.370833333333334,25.5,14.5,64.66666666666667,1021.4625,0.0,0.0,18.808333333333334,27.2,12.2,57.833333333333336,1020.7625000000002,0.0,0.0,2024-04-15
19.150000000000002,22.8,16.1,66.0,1015.725,0.0,0.0,17.866666666666667,24.0,13.5,61.375,1015.7416666666667,0.0,0.0,2024-04-16
20.1375,24.4,16.5,70.0,1008.9625000000001,0.0,0.0,20.429166666666664,27.0,15.2,56.083333333333336,1007.8624999999998,0.0,0.0,2024-04-17
17.929166666666664,21.0,14.8,67.0,1005.9541666666668,1.5,0.0,18.141666666666666,21.3,15.8,56.416666666666664,1004.5666666666666,0.0,0.0,2024-04-18
18.28333333333333,22.7,14.4,46.25,1005.4249999999998,0.0,0.0,18.295833333333334,24.4,13.4,35.958333333333336,1005.8625000000001,0.0,0.0,2024-04-19
19.370833333333334,25.6,12.9,47.75,1011.7666666666668,0.0,0.0,19.337500000000002,27.9,10.2,42.166666666666664,1011.0791666666668,0.0,0.0,2024-04-20
18.354166666666668,22.9,15.2,67.08333333333333,1014.0458333333335,5.0,0.0,19.233333333333334,23.8,15.8,63.958333333333336,1012.2416666666667,9.5,0.0,2024-04-21
15.637500000000001,18.3,13.4,89.125,1013.8416666666667,7.0,0.0,18.433333333333334,22.8,15.5,72.54166666666667,1011.3541666666666,3.0,0.0,2024-04-22
16.849999999999998,18.5,15.3,82.16666666666667,1016.9958333333334,0.0,0.0,17.825,20.7,16.4,69.83333333333333,1015.2458333333334,0.0,0.0,2024-04-23
15.016666666666666,16.4,14.0,93.66666666666667,1013.7166666666667,20.5,0.0,15.429166666666665,17.0,14.5,86.66666666666667,1012.5,3.5,0.0,2024-04-24
19.541666666666668,25.1,14.0,78.125,1005.6833333333333,0.5,0.0,20.037499999999998,28.8,14.4,68.54166666666667,1004.9666666666667,0.0,0.0,2024-04-25
20.270833333333332,24.7,15.2,72.25,1013.6541666666666,0.0,0.0,19.854166666666668,26.2,12.7,60.166666666666664,1012.8291666666668,0.0,0.0,2024-04-26
19.462500000000002,23.1,16.6,83.5,1011.9416666666666,0.0,0.0,19.1875,23.4,16.3,71.5,1011.5708333333333,0.0,0.0,2024-04-27
21.570833333333336,27.3,15.9,70.79166666666667,1013.6,0.0,0.0,21.2625,30.9,13.3,64.75,1013.275,0.0,0.0,2024-04-28
21.1875,25.6,17.5,79.5,1012.2083333333334,0.0,0.0,20.9125,26.5,15.8,66.16666666666667,1011.4958333333334,0.0,0.0,2024-04-29
20.866666666666664,23.9,18.4,84.125,1003.5875,2.5,0.0,20.416666666666668,24.8,17.3,74.58333333333333,1003.1875,0.0,0.0,2024-04-30
16.474999999999998,21.1,11.8,92.375,1005.9416666666666,26.5,0.0,17.52916666666667,20.9,13.1,88.95833333333333,1004.5375,24.0,0.0,2024-05-01
15.341666666666667,20.2,10.9,69.875,1016.6374999999999,3.0,0.0,15.75,22.0,11.6,66.20833333333333,1015.3874999999999,4.0,0.0,2024-05-02
17.683333333333334,23.5,11.6,63.125,1018.7374999999998,0.0,0.0,18.320833333333336,26.1,13.1,61.916666666666664,1018.3000000000001,0.0,0.0,2024-05-03
20.858333333333334,27.4,15.0,56.791666666666664,1020.0666666666666,0.0,0.0,20.008333333333336,28.8,12.1,60.5,1020.1374999999999,0.0,0.0,2024-05-04
21.5,26.9,15.5,64.875,1021.6875,0.0,0.0,21.120833333333334,30.4,13.2,54.458333333333336,1021.75,0.0,0.0,2024-05-05
20.941666666666666,23.2,19.5,68.33333333333333,1018.0,0.0,0.0,19.579166666666666,23.5,15.9,57.666666666666664,1018.1291666666666,0.0,0.0,2024-05-06
19.966666666666665,21.6,18.8,88.20833333333333,1009.1,5.0,0.0,19.6125,22.9,16.4,78.79166666666667,1008.3416666666666,2.0,0.0,2024-05-07
17.845833333333335,22.2,11.6,82.83333333333333,1006.5749999999999,8.0,0.0,18.170833333333334,24.6,11.3,67.70833333333333,1005.15,2.0,0.0,2024-05-08
13.6625,18.0,10.4,69.625,1013.6750000000001,1.5,0.0,13.7125,20.3,9.6,60.666666666666664,1012.725,11.0,0.0,2024-05-09
17.474999999999998,23.6,9.1,49.625,1020.8499999999999,0.0,0.0,15.620833333333332,24.7,6.5,54.916666666666664,1021.7375000000001,0.0,0.0,2024-05-10
20.295833333333334,25.7,14.3,60.958333333333336,1021.525,0.0,0.0,19.083333333333332,26.0,13.6,64.70833333333333,1021.7916666666666,0.0,0.0,2024-05-11
21.087500000000002,24.3,17.8,65.45833333333333,1017.1333333333333,0.0,0.0,18.620833333333334,22.9,13.7,64.08333333333333,1017.2083333333334,0.0,0.0,2024-05-12
19.325,21.8,15.5,96.08333333333333,1008.6166666666667,58.5,0.0,16.733333333333334,18.5,14.7,91.75,1008.6416666666665,41.0,0.0,2024-05-13
16.941666666666666,21.2,12.4,71.0,1017.9333333333334,0.0,0.0,18.583333333333332,26.9,13.3,62.333333333333336,1015.9625,0.0,0.0,2024-05-14
19.3875,25.1,14.2,75.625,1015.5333333333334,1.5,0.0,18.543478260869566,25.3,12.6,71.0,1014.6304347826087,9.0,0.0,2024-05-15
18.71666666666667,24.8,14.9,79.16666666666667,1005.1750000000001,10.0,0.0,20.133333333333333,27.4,14.8,65.83333333333333,1003.9791666666666,2.5,0.0,2024-05-16
20.570833333333336,26.7,13.7,49.708333333333336,1011.9916666666667,0.0,0.0,19.833333333333332,27.2,12.4,48.666666666666664,1011.7333333333332,0.0,0.0,2024-05-17
21.8875,28.2,16.4,58.75,1018.5375,0.0,0.0,20.808333333333334,28.8,12.7,54.041666666666664,1018.1875,0.0,0.0,2024-05-18
20.820833333333333,23.6,17.9,75.375,1018.3458333333333,0.0,0.0,19.1375,23.2,15.7,68.79166666666667,1018.9416666666666,7.5,0.0,2024-05-19
17.40416666666667,21.4,14.6,91.66666666666667,1013.5583333333334,34.0,0.0,19.516666666666666,25.5,14.4,81.54166666666667,1012.4791666666666,38.0,0.0,2024-05-20
22.524999999999995,27.9,17.1,73.54166666666667,1014.7916666666666,0.0,0.0,22.945833333333336,29.7,18.4,66.08333333333333,1013.6958333333333,2.0,0.0,2024-05-21
20.599999999999998,24.1,18.3,60.5,1019.6333333333333,0.0,0.0,20.945833333333333,26.0,17.9,61.333333333333336,1017.8708333333334,0.0,0.0,2024-05-22
21.379166666666666,24.4,18.2,74.625,1012.7541666666666,0.0,0.0,19.841666666666665,24.2,15.8,70.79166666666667,1013.0041666666666,0.0,0.0,2024-05-23
23.2625,28.1,18.4,66.83333333333333,1006.0708333333336,0.0,0.0,22.72083333333333,30.7,16.1,65.75,1006.0666666666666,0.0,0.0,2024-05-24
21.354166666666668,24.9,18.6,51.666666666666664,1013.3708333333334,0.0,0.0,21.320833333333336,27.5,17.0,61.583333333333336,1011.5,0.0,0.0,2024-05-25
21.5625,25.6,18.3,62.541666666666664,1016.3541666666666,0.0,0.0,18.895833333333332,20.9,16.5,69.0,1016.2291666666666,0.0,0.0,2024-05-26
22.25,24.6,20.5,83.625,1006.4166666666666,0.0,0.0,20.470833333333335,25.2,15.7,75.33333333333333,1006.7958333333335,0.0,0.0,2024-05-27
24.0125,25.5,22.8,91.25,1000.4874999999998,19.0,0.0,21.34583333333333,24.5,19.6,91.91666666666667,999.8624999999998,27.0,0.0,2024-05-28
21.958333333333332,25.2,19.0,71.25,1006.4500000000002,0.5,0.0,22.516666666666666,29.7,17.6,63.375,1005.225,0.0,0.0,2024-05-29
22.520833333333332,27.0,17.8,73.41666666666667,1014.775,0.0,0.0,22.5,27.4,18.3,64.70833333333333,1013.7125,0.0,0.0,2024-05-30
19.0,21.0,16.9,89.79166666666667,1008.75,34.0,0.0,18.0125,21.8,15.9,91.75,1008.5166666666668,49.0,0.0,2024-05-31
20.858333333333334,25.7,17.6,74.91666666666667,1008.6291666666666,0.0,0.0,20.175,27.2,15.5,73.79166666666667,1007.8583333333332,8.0,0.0,2024-06-01
18.729166666666668,22.9,16.5,87.75,1008.6083333333332,45.5,0.0,18.358333333333334,22.9,16.8,84.70833333333333,1007.6416666666668,6.5,0.0,2024-06-02
18.3125,23.5,15.1,87.54166666666667,1007.7541666666666,25.5,0.0,19.7875,24.5,16.1,72.125,1006.4250000000001,0.5,0.0,2024-06-03
19.516666666666666,24.3,15.2,74.95833333333333,1011.525,0.0,0.0,18.895833333333332,25.7,14.5,73.41666666666667,1010.7458333333334,29.5,0.0,2024-06-04
21.404166666666665,27.0,16.7,64.45833333333333,1017.2041666666668,0.0,0.0,20.716666666666665,28.3,14.0,68.58333333333333,1016.3333333333334,0.0,0.0,2024-06-05
22.0,25.4,18.2,72.29166666666667,1019.4125,0.0,0.0,21.7375,27.2,18.7,66.91666666666667,1018.5416666666666,0.0,0.0,2024-06-06
22.07083333333333,25.9,18.3,67.45833333333333,1017.7291666666666,0.0,0.0,22.200000000000003,27.3,18.4,62.625,1016.4083333333333,0.0,0.0,2024-06-07
22.762500000000003,27.4,17.8,65.66666666666667,1016.6416666666668,0.0,0.0,22.2,28.8,16.4,60.708333333333336,1015.6125000000002,0.0,0.0,2024-06-08
22.424999999999997,25.5,20.1,75.95833333333333,1013.6875,0.5,0.0,21.0625,25.0,18.5,68.08333333333333,1013.0666666666666,0.0,0.0,2024-06-09
20.65416666666667,23.9,17.6,85.375,1010.0291666666666,17.0,0.0,21.666666666666668,27.6,17.0,74.75,1008.5958333333333,10.0,0.0,2024-06-10
23.98333333333333,28.3,19.6,73.08333333333333,1009.6041666666666,0.0,0.0,24.337499999999995,30.5,20.1,64.58333333333333,1008.8083333333333,0.0,0.0,2024-06-11
24.566666666666666,29.3,20.2,74.08333333333333,1008.6041666666666,0.0,0.0,25.070833333333336,31.7,20.9,65.91666666666667,1007.4500000000002,0.0,0.0,2024-06-12
22.645833333333332,24.9,20.1,81.41666666666667,1005.3958333333334,0.0,0.0,23.79583333333333,29.7,20.6,66.875,1004.7541666666666,0.0,0.0,2024-06-13
25.920833333333334,31.5,19.9,66.83333333333333,1007.9375,0.0,0.0,25.645833333333332,32.9,18.9,61.875,1007.5208333333334,0.0,0.0,2024-06-14
24.7625,29.1,21.0,75.08333333333333,1008.1958333333333,0.5,0.0,25.42083333333333,32.1,20.5,56.625,1006.7875,0.0,0.0,2024-06-15
23.733333333333334,28.1,19.7,85.79166666666667,1003.3541666666666,5.5,0.0,23.275000000000002,29.1,18.2,77.0,1003.7666666666668,5.5,0.0,2024-06-16
26.004166666666666,30.0,22.5,75.375,1007.5416666666666,0.0,0.0,24.4375,29.8,20.0,71.875,1007.9874999999998,2.5,0.0,2024-06-17
19.212500000000002,21.5,18.1,99.5,1006.7916666666666,98.0,0.0,17.933333333333334,19.6,17.2,97.0,1007.4791666666666,72.5,0.0,2024-06-18
23.504166666666666,29.4,17.4,72.375,1008.7583333333332,0.0,0.0,22.570833333333336,30.6,16.0,70.70833333333333,1008.9874999999998,0.0,0.0,2024-06-19
24.3625,27.7,21.0,74.875,1010.6041666666666,0.0,0.0,23.224999999999998,28.1,18.2,73.375,1010.7666666666668,0.0,0.0,2024-06-20
20.087500000000002,23.0,17.5,93.58333333333333,1006.1791666666664,44.0,0.0,18.970833333333335,21.4,16.0,91.08333333333333,1006.8041666666667,27.5,0.0,2024-06-21
23.883333333333336,28.8,17.0,67.08333333333333,1007.7125,0.0,0.0,21.420833333333334,28.0,14.9,76.125,1008.8166666666666,0.0,0.0,2024-06-22
21.629166666666663,23.6,20.4,95.41666666666667,1001.0041666666666,29.5,0.0,20.133333333333336,22.3,17.5,92.375,1001.7624999999999,20.5,0.0,2024-06-23
26.662499999999998,32.9,21.3,80.5,1001.375,0.0,0.0,25.704166666666666,31.7,20.7,80.91666666666667,1002.2416666666667,0.0,0.0,2024-06-24
27.75,31.5,24.8,75.95833333333333,1006.1166666666667,0.0,0.0,27.008333333333336,32.8,22.8,67.45833333333333,1006.7583333333332,0.0,0.0,2024-06-25
26.90833333333333,29.7,25.0,72.54166666666667,1011.0583333333334,0.0,0.0,26.891666666666662,32.7,23.3,59.541666666666664,1010.375,0.0,0.0,2024-06-26
25.395833333333332,28.8,23.3,69.91666666666667,1014.6750000000001,0.0,0.0,25.02916666666667,29.2,22.3,64.08333333333333,1013.5958333333333,0.0,0.0,2024-06-27
21.979166666666668,23.4,20.5,98.125,1010.5499999999998,82.5,0.0,20.820833333333333,21.7,20.1,96.04166666666667,1010.5083333333332,61.0,0.0,2024-06-28
23.729166666666668,28.0,20.7,86.75,1010.1166666666667,0.0,0.0,24.441666666666666,30.2,20.5,82.33333333333333,1009.15,0.5,0.0,2024-06-29
25.8625,28.5,23.1,83.95833333333333,1007.4499999999999,1.5,0.0,24.558333333333334,25.8,22.7,82.25,1007.8125,0.0,0.0,2024-06-30
26.3125,28.4,24.8,89.125,1001.525,12.5,0.0,25.25,27.8,22.7,86.95833333333333,1002.3375,2.0,0.0,2024-07-01
27.287499999999998,30.5,24.5,80.20833333333333,1008.2708333333334,0.0,0.0,26.912500000000005,30.9,23.5,75.79166666666667,1008.1500000000001,0.0,0.0,2024-07-02
27.6875,32.8,24.2,77.375,1011.125,0.0,0.0,27.529166666666665,33.9,23.8,74.625,1010.7083333333334,0.0,0.0,2024-07-03
29.34583333333333,33.8,25.2,74.91666666666667,1005.4874999999998,0.0,0.0,29.758333333333336,36.3,24.9,64.33333333333333,1005.4833333333332,0.0,0.0,2024-07-04
30.1875,34.6,26.7,70.29166666666667,1005.2249999999999,0.0,0.0,29.325000000000003,36.0,22.2,61.041666666666664,1004.9625,0.0,0.0,2024-07-05
28.11666666666667,33.6,24.2,84.25,1007.2291666666666,36.0,0.0,28.233333333333338,32.7,25.0,73.875,1007.1208333333333,0.5,0.0,2024-07-06
28.933333333333334,33.8,24.3,83.5,1005.9166666666666,0.0,0.0,30.295833333333334,39.1,23.3,63.083333333333336,1006.1083333333332,0.0,0.0,2024-07-07
30.916666666666668,35.6,26.2,73.33333333333333,1003.7291666666666,0.0,0.0,27.633333333333336,30.9,24.9,71.54166666666667,1005.3708333333334,0.0,0.0,2024-07-08
30.054166666666664,34.4,26.5,71.58333333333333,1003.7875,0.0,0.0,25.458333333333332,26.8,23.3,82.125,1005.5583333333334,0.0,0.0,2024-07-09
29.495833333333337,32.6,26.7,70.45833333333333,1003.7666666666668,0.0,0.0,26.395833333333332,29.8,23.0,77.66666666666667,1004.2416666666668,0.0,0.0,2024-07-10
27.766666666666666,28.9,26.4,77.375,999.85,0.5,0.0,25.395833333333332,27.6,23.6,84.95833333333333,1000.2125,0.5,0.0,2024-07-11
24.4375,26.8,22.5,92.75,1002.5166666666665,13.5,0.0,22.45,23.4,21.9,95.29166666666667,1002.7958333333332,45.0,0.0,2024-07-12
26.2,30.5,22.6,82.0,1009.1624999999999,0.0,0.0,25.208333333333332,30.2,21.2,79.83333333333333,1008.8833333333332,0.0,0.0,2024-07-13
25.39166666666667,27.9,24.1,95.04166666666667,1013.9124999999999,12.5,0.0,25.899999999999995,29.2,23.2,80.41666666666667,1013.2333333333332,0.0,0.0,2024-07-14
24.579166666666662,26.4,23.5,87.45833333333333,1015.375,0.5,0.0,26.908333333333335,30.4,24.4,82.5,1013.5708333333332,13.0,0.0,2024-07-15
23.879166666666666,26.8,22.4,90.25,1016.2416666666668,11.5,0.0,24.150000000000002,26.3,23.3,94.66666666666667,1014.9375,24.0,0.0,2024-07-16
25.78333333333333,30.6,22.2,87.16666666666667,1012.4208333333332,1.0,0.0,26.733333333333334,31.9,23.0,81.70833333333333,1011.7000000000002,13.5,0.0,2024-07-17
28.366666666666664,32.9,24.4,77.45833333333333,1011.2333333333332,0.0,0.0,28.566666666666663,35.3,24.4,72.66666666666667,1010.7125000000001,0.0,0.0,2024-07-18
29.995833333333326,33.9,26.4,72.125,1009.0333333333333,0.0,0.0,28.6375,32.9,24.8,74.54166666666667,1009.8166666666666,0.0,0.0,2024-07-19
30.691666666666663,35.0,25.0,75.70833333333333,1008.7041666666668,45.0,0.0,30.375,35.7,26.5,69.45833333333333,1008.9333333333333,0.0,0.0,2024-07-20
29.09583333333333,33.9,24.8,78.79166666666667,1010.4208333333332,20.0,0.0,29.979166666666668,36.4,24.9,67.29166666666667,1009.6749999999998,0.0,0.0,2024-07-21
30.462499999999995,36.2,25.1,75.04166666666667,1008.4541666666668,9.5,0.0,31.14166666666667,39.4,26.6,64.41666666666667,1008.1416666666668,0.0,0.0,2024-07-22
29.458333333333332,34.2,24.3,81.54166666666667,1007.3375,0.0,0.0,30.320833333333336,37.8,25.2,67.625,1007.0875,0.0,0.0,2024-07-23
30.1375,34.8,25.9,69.125,1005.4541666666668,0.0,0.0,28.149999999999995,32.6,25.8,71.0,1006.6208333333334,2.0,0.0,2024-07-24
30.170833333333334,34.5,27.5,72.41666666666667,1008.3083333333334,0.5,0.0,29.208333333333332,36.5,24.6,69.66666666666667,1008.5666666666666,0.0,0.0,2024-07-25
30.120833333333334,34.8,26.5,73.0,1014.5750000000002,0.0,0.0,29.962499999999995,36.0,24.9,68.25,1014.6041666666666,0.0,0.0,2024-07-26
30.291666666666668,35.1,27.0,75.66666666666667,1017.0416666666666,0.5,0.0,30.216666666666665,37.8,26.5,71.75,1016.9875000000001,0.0,0.0,2024-07-27
31.55,36.2,26.7,66.58333333333333,1011.4291666666667,0.0,0.0,30.445833333333336,37.1,25.3,69.45833333333333,1011.8208333333332,0.0,0.0,2024-07-28
32.300000000000004,37.1,29.7,61.291666666666664,1004.2374999999998,0.0,0.0,31.791666666666668,38.5,27.0,61.916666666666664,1004.2624999999999,0.0,0.0,2024-07-29
30.808333333333337,35.0,28.0,68.04166666666667,1000.9041666666667,0.5,0.0,29.162500000000005,35.8,25.2,71.45833333333333,1001.6916666666666,6.0,0.0,2024-07-30
29.445833333333336,35.4,24.8,76.91666666666667,1003.3791666666666,42.5,0.0,29.86666666666667,36.1,25.1,67.25,1002.8375,0.0,0.0,2024-07-31
28.537500000000005,32.3,24.7,74.04166666666667,1006.0708333333333,0.0,0.0,29.762500000000003,36.6,24.7,61.833333333333336,1004.7999999999998,0.0,0.0,2024-08-01
28.737499999999997,32.9,25.5,74.0,1006.8041666666667,0.0,0.0,30.454166666666666,37.1,26.4,64.5,1005.2583333333333,0.0,0.0,2024-08-02
29.445833333333336,33.7,26.2,73.0,1008.2041666666668,0.0,0.0,31.058333333333337,37.2,27.3,67.04166666666667,1006.8041666666667,0.0,0.0,2024-08-03
30.0,35.2,25.7,66.75,1008.1624999999999,0.0,0.0,30.691666666666663,37.6,26.7,69.20833333333333,1007.2291666666666,0.0,0.0,2024-08-04
29.9875,34.1,26.3,71.625,1007.4041666666668,0.0,0.0,29.45416666666667,35.8,26.8,73.75,1007.0416666666666,0.0,0.0,2024-08-05
29.866666666666664,32.8,26.7,74.29166666666667,1006.7125,0.0,0.0,28.383333333333336,36.3,25.5,78.16666666666667,1006.4125,4.0,0.0,2024-08-06
28.900000000000002,33.2,24.2,80.41666666666667,1004.6583333333333,76.5,0.0,28.445833333333336,35.5,22.8,76.54166666666667,1004.0666666666666,64.0,0.0,2024-08-07
28.09583333333333,32.0,24.5,86.83333333333333,1003.6708333333332,0.0,0.0,27.90416666666667,35.1,22.9,76.83333333333333,1003.3041666666667,3.0,0.0,2024-08-08
29.97083333333333,34.6,26.9,73.70833333333333,1001.9041666666667,0.0,0.0,29.233333333333334,34.8,25.9,73.29166666666667,1001.3833333333332,0.0,0.0,2024-08-09
29.9875,34.5,27.4,69.0,1000.4499999999999,0.0,0.0,29.066666666666666,35.6,25.6,73.66666666666667,1000.3458333333333,6.0,0.0,2024-08-10
31.516666666666666,35.3,27.5,65.54166666666667,999.0333333333333,0.0,0.0,29.90833333333333,36.9,24.9,67.66666666666667,999.4125,0.0,0.0,2024-08-11
31.229166666666668,34.8,28.9,70.08333333333333,1001.1166666666667,0.0,0.0,30.054166666666664,36.5,25.2,67.33333333333333,1001.2916666666666,0.0,0.0,2024-08-12
30.833333333333332,34.8,28.0,73.20833333333333,1006.6125000000001,0.0,0.0,30.27916666666667,36.6,27.0,68.45833333333333,1005.9625,0.0,0.0,2024-08-13
30.370833333333334,34.4,27.5,73.66666666666667,1007.6291666666667,0.0,0.0,29.212500000000002,34.4,26.1,72.41666666666667,1007.3791666666667,1.0,0.0,2024-08-14
30.287499999999998,35.1,27.2,75.375,1006.9874999999998,0.0,0.0,29.208333333333332,34.1,25.6,73.66666666666667,1006.3208333333333,0.0,0.0,2024-08-15
26.729166666666668,28.7,25.3,95.25,1002.4416666666667,90.0,0.0,27.46666666666667,31.1,25.4,78.95833333333333,1003.3333333333334,1.5,0.0,2024-08-16
30.441666666666663,35.3,25.9,74.375,1005.0791666666668,0.0,0.0,29.837500000000002,36.7,23.8,69.79166666666667,1005.3916666666665,0.0,0.0,2024-08-17
29.675,33.5,27.0,81.625,1009.4875000000001,0.0,0.0,30.641666666666666,36.1,27.0,70.125,1008.5416666666666,0.0,0.0,2024-08-18
29.208333333333332,34.1,23.5,82.79166666666667,1011.8333333333334,22.0,0.0,30.499999999999996,35.0,27.3,71.875,1011.1833333333333,0.0,0.0,2024-08-19
28.26666666666667,34.1,23.9,81.04166666666667,1012.9124999999999,0.5,0.0,29.212500000000002,34.4,25.3,71.29166666666667,1012.6583333333334,15.0,0.0,2024-08-20
28.337500000000002,33.1,24.6,82.75,1012.7625000000002,21.0,0.0,29.241666666666664,35.4,25.0,71.75,1011.7791666666667,0.0,0.0,2024-08-21
27.49166666666667,29.7,25.3,90.95833333333333,1012.5916666666667,16.0,0.0,28.75,33.4,26.6,73.95833333333333,1011.5541666666667,4.0,0.0,2024-08-22
28.912499999999998,31.6,27.1,82.83333333333333,1012.0416666666666,0.0,0.0,29.34583333333333,35.0,25.8,76.0,1011.1583333333334,0.0,0.0,2024-08-23
29.3875,33.7,25.6,80.45833333333333,1011.7416666666667,1.0,0.0,28.587500000000002,35.2,26.2,80.25,1011.3833333333333,19.0,0.0,2024-08-24
28.5625,32.9,25.4,82.70833333333333,1011.5458333333332,1.5,0.0,27.7625,31.7,24.8,80.70833333333333,1011.0458333333332,6.0,0.0,2024-08-25
29.2,32.5,26.1,76.41666666666667,1012.1416666666668,0.0,0.0,28.779166666666665,34.6,24.8,69.70833333333333,1011.1999999999999,0.0,0.0,2024-08-26
27.708333333333332,31.1,24.8,85.45833333333333,1011.9166666666666,30.0,0.0,24.816666666666666,27.2,23.2,89.54166666666667,1012.2125,17.5,0.0,2024-08-27
27.987499999999997,30.7,26.2,81.58333333333333,1011.9,0.0,0.0,23.929166666666664,25.4,22.6,93.45833333333333,1012.5916666666667,23.0,0.0,2024-08-28
27.133333333333336,30.5,25.5,88.70833333333333,1011.7125,23.0,0.0,23.5625,26.2,22.7,93.58333333333333,1012.0,64.0,0.0,2024-08-29
26.025000000000002,26.9,25.3,99.16666666666667,1007.2583333333333,84.0,0.0,25.412500000000005,28.9,22.6,90.54166666666667,1006.6541666666666,26.5,0.0,2024-08-30
27.120833333333334,31.0,24.8,95.33333333333333,1004.2541666666666,15.5,0.0,24.8125,31.4,22.1,89.83333333333333,1004.3041666666667,10.0,0.0,2024-08-31
26.204166666666666,29.1,23.7,97.45833333333333,1008.475,35.5,0.0,25.141666666666666,29.4,21.8,87.79166666666667,1008.4250000000001,2.5,0.0,2024-09-01
29.279166666666665,33.5,25.8,80.20833333333333,1008.625,0.0,0.0,27.837500000000002,34.0,23.1,77.625,1008.5958333333332,0.0,0.0,2024-09-02
24.879166666666666,26.6,23.6,88.125,1010.7750000000001,9.5,0.0,25.129166666666663,32.0,22.7,85.75,1009.9333333333334,24.0,0.0,2024-09-03
25.441666666666666,29.3,23.0,75.58333333333333,1010.6,0.0,0.0,26.162499999999998,32.1,21.9,74.04166666666667,1009.3000000000001,0.0,0.0,2024-09-04
26.670833333333334,31.1,22.4,76.25,1009.1208333333333,0.0,0.0,26.629166666666666,33.7,21.6,69.08333333333333,1008.4958333333333,0.0,0.0,2024-09-05
28.316666666666663,32.5,25.1,78.04166666666667,1010.5375,0.0,0.0,27.670833333333334,34.8,22.6,67.79166666666667,1010.5041666666666,0.0,0.0,2024-09-06
28.666666666666668,32.6,25.8,80.16666666666667,1013.4083333333333,0.0,0.0,28.462499999999995,34.6,24.8,69.66666666666667,1013.1666666666666,0.0,0.0,2024-09-07
28.90416666666667,32.7,25.8,76.66666666666667,1013.1916666666666,0.0,0.0,28.441666666666666,34.7,25.5,74.29166666666667,1012.6666666666666,11.0,0.0,2024-09-08
28.28333333333333,33.0,25.2,80.20833333333333,1015.7166666666666,2.5,0.0,28.5,33.9,24.4,69.91666666666667,1014.5875,0.0,0.0,2024-09-09
28.616666666666664,32.9,24.6,81.66666666666667,1017.8624999999998,0.0,0.0,28.67916666666667,34.9,23.9,69.33333333333333,1017.2625000000002,0.0,0.0,2024-09-10
29.625,33.8,26.6,78.66666666666667,1017.6166666666667,0.0,0.0,28.7625,34.4,25.2,73.125,1017.4833333333332,5.5,0.0,2024-09-11
29.60833333333333,33.6,26.9,78.66666666666667,1014.9375,0.0,0.0,28.666666666666668,34.7,25.0,75.83333333333333,1014.8291666666668,0.0,0.0,2024-09-12
29.61666666666667,33.7,26.8,73.08333333333333,1009.9041666666667,0.0,0.0,28.7375,32.8,26.0,74.95833333333333,1010.025,0.0,0.0,2024-09-13
29.5125,33.8,26.5,73.875,1009.7374999999998,0.0,0.0,28.895833333333332,33.6,25.2,71.54166666666667,1009.4791666666666,0.0,0.0,2024-09-14
29.866666666666664,33.9,25.8,74.5,1011.5458333333332,34.0,0.0,28.287500000000005,33.5,25.0,78.16666666666667,1011.8625000000001,4.0,0.0,2024-09-15
25.67083333333333,27.7,23.9,89.375,1017.4666666666667,2.0,0.0,27.95,32.9,25.8,78.0,1015.8833333333332,0.0,0.0,2024-09-16
27.729166666666668,32.9,23.4,78.95833333333333,1015.25,0.0,0.0,28.295833333333334,33.1,25.1,75.70833333333333,1015.0,0.0,0.0,2024-09-17
28.825,34.8,24.9,81.83333333333333,1013.9166666666666,2.5,0.0,29.479166666666668,35.0,26.1,72.75,1013.6333333333332,0.0,0.0,2024-09-18
27.724999999999998,33.4,24.8,83.5,1015.2666666666668,0.0,0.0,27.633333333333336,32.9,25.1,77.875,1015.3208333333332,1.5,0.0,2024-09-19
29.425,33.5,25.6,76.95833333333333,1011.7083333333334,0.0,0.0,28.495833333333337,35.4,24.3,67.95833333333333,1012.2125000000001,0.0,0.0,2024-09-20
28.54166666666666,32.3,24.0,75.75,1008.1124999999998,0.0,0.0,26.683333333333337,29.8,23.7,74.95833333333333,1008.3833333333333,0.0,0.0,2024-09-21
24.566666666666666,28.2,22.7,88.75,1005.0750000000002,2.5,0.0,25.7625,28.7,24.0,84.04166666666667,1004.3791666666666,3.0,0.0,2024-09-22
22.5625,26.9,19.8,78.625,1013.4166666666666,8.0,0.0,24.204166666666666,28.9,21.3,65.91666666666667,1011.1416666666665,0.0,0.0,2024-09-23
20.879166666666666,24.5,18.0,68.16666666666667,1019.5833333333334,0.0,0.0,21.90833333333333,25.2,20.1,57.166666666666664,1017.8416666666666,0.0,0.0,2024-09-24
20.4125,23.3,18.2,82.20833333333333,1016.6458333333334,4.5,0.0,21.1125,24.2,17.1,64.16666666666667,1016.5958333333333,0.0,0.0,2024-09-25
24.120833333333334,28.5,19.5,81.79166666666667,1013.8249999999999,0.5,0.0,24.625,31.0,19.1,70.41666666666667,1013.1458333333334,0.0,0.0,2024-09-26
23.320833333333336,24.4,22.6,95.20833333333333,1012.3874999999999,8.0,0.0,24.95,28.1,22.4,78.45833333333333,1011.4375,0.0,0.0,2024-09-27
23.991666666666664,26.9,21.9,83.79166666666667,1014.9499999999999,0.0,0.0,24.36666666666667,28.2,21.4,78.16666666666667,1014.1291666666667,0.0,0.0,2024-09-28
22.645833333333332,24.7,21.6,82.83333333333333,1019.8875000000002,2.0,0.0,23.27916666666667,25.2,22.1,75.79166666666667,1018.5875,1.0,0.0,2024-09-29
22.650000000000002,24.8,21.0,75.75,1017.5625,0.0,0.0,23.6875,28.7,19.9,66.45833333333333,1016.0708333333333,0.0,0.0,2024-09-30
23.3125,26.2,20.4,81.33333333333333,1008.8125,0.5,0.0,24.2625,31.4,17.6,68.41666666666667,1008.4916666666667,0.0,0.0,2024-10-01
26.475000000000005,31.6,22.2,76.875,1010.7041666666665,0.0,0.0,25.1875,31.5,20.9,69.54166666666667,1010.8375000000001,0.0,0.0,2024-10-02
23.09583333333333,24.9,21.9,87.29166666666667,1018.7083333333334,11.0,0.0,23.116666666666664,29.1,20.5,79.54166666666667,1017.5875,19.0,0.0,2024-10-03
25.862499999999997,29.6,23.5,86.54166666666667,1018.2166666666667,2.0,0.0,23.704166666666666,27.8,20.8,88.95833333333333,1018.1916666666666,3.0,0.0,2024-10-04
21.333333333333332,24.1,19.0,94.08333333333333,1021.2583333333333,9.5,0.0,21.879166666666666,23.9,20.6,89.45833333333333,1020.1625,5.0,0.0,2024-10-05
21.254166666666666,22.6,19.2,93.29166666666667,1019.9499999999999,0.0,0.0,23.120833333333326,26.8,20.3,85.25,1018.75,0.0,0.0,2024-10-06
25.02916666666667,29.6,20.9,82.70833333333333,1011.6791666666667,0.0,0.0,24.741666666666664,29.6,21.7,77.625,1011.5124999999999,0.0,0.0,2024-10-07
18.825,24.7,15.2,97.04166666666667,1011.7208333333333,33.5,0.0,20.516666666666666,23.7,16.8,90.66666666666667,1010.1083333333332,41.0,0.0,2024-10-08
16.0,17.2,15.1,92.91666666666667,1012.1999999999999,53.5,0.0,16.962500000000002,21.1,13.2,91.25,1011.6875,31.0,0.0,2024-10-09
17.8,20.7,15.5,75.41666666666667,1012.6750000000001,0.0,0.0,17.579166666666666,23.5,12.0,74.875,1012.4625000000001,0.0,0.0,2024-10-10
19.03333333333333,23.9,14.9,69.16666666666667,1015.9249999999998,0.0,0.0,19.15,25.0,14.2,70.83333333333333,1015.1541666666666,0.0,0.0,2024-10-11
20.6375,24.8,16.5,73.0,1021.8000000000001,0.0,0.0,19.579166666666666,26.1,14.2,70.375,1021.4541666666668,0.0,0.0,2024-10-12
20.870833333333334,25.2,17.0,70.29166666666667,1023.9541666666668,0.0,0.0,19.65833333333333,26.9,14.1,69.75,1023.6666666666666,0.0,0.0,2024-10-13
20.837500000000002,25.4,17.0,71.25,1025.4791666666667,0.0,0.0,19.270833333333332,26.0,13.9,67.5,1025.1458333333333,0.0,0.0,2024-10-14
22.066666666666666,26.0,18.0,72.29166666666667,1023.0875,0.0,0.0,19.549999999999997,24.1,15.5,73.0,1023.3458333333332,0.0,0.0,2024-10-15
22.620833333333334,25.9,19.2,75.58333333333333,1020.15,0.0,0.0,19.641666666666666,22.6,16.8,79.41666666666667,1021.2958333333332,0.0,0.0,2024-10-16
22.787499999999998,25.1,21.1,79.45833333333333,1022.8208333333332,0.0,0.0,22.2,28.2,16.3,75.41666666666667,1022.0833333333334,0.0,0.0,2024-10-17
21.608333333333334,22.6,20.7,92.125,1022.3166666666666,2.0,0.0,21.991666666666664,25.5,19.1,79.0,1021.6749999999998,0.0,0.0,2024-10-18
24.229166666666668,29.2,21.4,83.70833333333333,1011.9749999999999,1.5,0.0,21.95416666666667,24.6,19.8,84.54166666666667,1013.0375,4.0,0.0,2024-10-19
17.42083333333333,21.9,13.6,55.416666666666664,1026.4458333333334,0.0,0.0,17.270833333333332,20.6,13.5,58.208333333333336,1025.0375000000001,0.0,0.0,2024-10-20
16.183333333333334,19.8,11.6,60.625,1032.1125,0.0,0.0,15.166666666666666,21.5,9.2,63.583333333333336,1031.779166666667,0.0,0.0,2024-10-21
19.704166666666666,23.9,15.0,69.16666666666667,1024.9166666666667,0.0,0.0,17.416666666666668,23.3,10.4,68.79166666666667,1025.1458333333333,0.0,0.0,2024-10-22
21.8875,24.7,18.9,89.66666666666667,1015.125,6.5,0.0,19.424999999999997,22.1,17.5,92.66666666666667,1015.3958333333334,3.0,0.0,2024-10-23
22.60833333333333,25.2,20.3,78.54166666666667,1016.3125,0.0,0.0,21.983333333333334,25.8,18.8,82.54166666666667,1015.9791666666666,0.0,0.0,2024-10-24
20.2375,21.7,18.5,76.79166666666667,1023.9874999999998,0.5,0.0,20.866666666666667,24.8,18.4,77.375,1022.6041666666666,0.5,0.0,2024-10-25
19.041666666666668,20.4,17.5,79.625,1022.0208333333334,0.0,0.0,18.291666666666668,20.7,16.2,83.20833333333333,1021.5958333333332,0.0,0.0,2024-10-26
19.704166666666666,22.8,16.9,87.20833333333333,1014.2708333333334,4.0,0.0,19.204166666666666,22.0,15.0,77.58333333333333,1014.1041666666666,0.0,0.0,2024-10-27
18.820833333333333,20.2,17.3,86.625,1009.1958333333333,8.0,0.0,19.287499999999998,22.3,17.7,77.375,1008.7125,11.0,0.0,2024-10-28
15.420833333333334,18.2,12.4,79.375,1020.25,24.5,0.0,15.504166666666668,18.1,12.8,82.16666666666667,1019.0458333333332,19.0,0.0,2024-10-29
16.766666666666666,21.8,12.6,78.58333333333333,1015.2833333333334,17.5,0.0,16.9375,23.7,12.8,72.25,1015.5416666666666,7.0,0.0,2024-10-30
16.2375,19.8,13.3,64.54166666666667,1024.7833333333335,0.0,0.0,13.741666666666665,18.9,9.0,72.20833333333333,1025.7541666666666,0.0,0.0,2024-10-31
16.991666666666664,21.5,12.4,75.5,1023.6708333333332,0.5,0.0,14.65,18.9,10.4,82.91666666666667,1024.9458333333332,3.0,0.0,2024-11-01
15.966666666666667,16.8,15.0,99.08333333333333,1012.7541666666666,33.5,0.0,16.270833333333332,17.5,14.8,98.54166666666667,1012.1208333333334,42.5,0.0,2024-11-02
17.474999999999998,22.0,14.5,66.83333333333333,1018.6625,0.0,0.0,17.395833333333332,22.7,11.6,59.791666666666664,1018.2291666666666,0.0,0.0,2024-11-03
17.1625,22.4,11.6,71.20833333333333,1019.6791666666668,0.0,0.0,15.270833333333334,21.0,10.3,77.04166666666667,1020.7583333333333,0.0,0.0,2024-11-04
16.566666666666666,19.3,13.9,73.33333333333333,1016.2624999999999,0.0,0.0,15.725,20.0,11.1,75.375,1015.9291666666664,0.0,0.0,2024-11-05
14.395833333333334,15.7,12.3,71.33333333333333,1015.5458333333332,0.5,0.0,15.513043478260867,21.0,10.9,70.56521739130434,1013.8583333333332,0.0,0.0,2024-11-06
13.443478260869567,17.1,10.9,51.91304347826087,1022.795652173913,0.0,0.0,12.283333333333331,18.2,8.7,59.666666666666664,1022.875,0.0,0.0,2024-11-07
11.766666666666666,15.0,8.6,56.541666666666664,1028.7124999999999,0.0,0.0,9.841666666666667,14.6,5.6,66.75,1028.8374999999999,0.0,0.0,2024-11-08
12.700000000000001,16.6,8.2,62.916666666666664,1028.6916666666666,0.0,0.0,10.716666666666667,17.8,4.3,74.29166666666667,1028.425,0.0,0.0,2024-11-09
13.7875,16.2,11.7,68.5,1025.2208333333335,1.0,0.0,11.637500000000001,15.2,7.4,80.66666666666667,1025.9333333333332,0.0,0.0,2024-11-10
16.325,20.5,13.3,85.25,1015.8833333333333,0.5,0.0,15.629166666666668,21.9,11.4,79.91666666666667,1016.3125,0.0,0.0,2024-11-11
16.25,20.1,12.0,77.33333333333333,1015.375,0.0,0.0,14.591666666666667,21.1,9.5,78.70833333333333,1015.9874999999998,0.0,0.0,2024-11-12
16.491666666666667,20.2,12.9,63.375,1019.6833333333334,0.0,0.0,15.358333333333334,21.5,9.3,73.58333333333333,1019.1,0.0,0.0,2024-11-13
15.845833333333333,18.0,12.2,69.0,1023.4499999999999,0.0,0.0,15.829166666666666,18.5,12.8,71.20833333333333,1022.7708333333334,0.0,0.0,2024-11-14
15.883333333333333,17.4,13.9,91.20833333333333,1018.8166666666666,7.5,0.0,15.645833333333334,18.3,14.0,90.5,1018.8833333333333,2.5,0.0,2024-11-15
16.712500000000002,18.5,14.8,75.45833333333333,1021.5958333333334,0.0,0.0,15.833333333333334,18.9,13.3,83.625,1021.2291666666666,0.0,0.0,2024-11-16
18.854166666666668,23.4,15.4,78.75,1013.1875,0.0,0.0,17.075,22.6,12.0,79.875,1013.7666666666665,0.0,0.0,2024-11-17
13.7125,17.9,10.1,58.416666666666664,1016.275,0.0,0.0,13.5375,18.5,8.2,53.583333333333336,1015.3208333333332,0.0,0.0,2024-11-18
9.691666666666666,12.1,7.4,48.291666666666664,1026.2708333333333,0.0,0.0,8.6625,12.7,4.6,55.333333333333336,1025.6625000000001,0.0,0.0,2024-11-19
7.558333333333333,8.7,5.5,81.5,1023.2416666666668,5.5,0.0,6.3125,7.4,4.6,89.29166666666667,1023.5666666666666,4.5,0.0,2024-11-20
10.512500000000001,13.0,8.7,98.33333333333333,1014.7375000000001,6.5,0.0,10.166666666666666,15.5,6.7,86.58333333333333,1015.2750000000001,0.0,0.0,2024-11-21
11.887499999999998,17.8,7.4,81.58333333333333,1012.0375,0.0,0.0,9.920833333333333,16.6,5.6,77.20833333333333,1013.0708333333333,0.0,0.0,2024-11-22
11.979166666666666,15.2,8.4,48.166666666666664,1017.3625000000001,0.0,0.0,10.266666666666667,15.5,6.1,52.708333333333336,1017.5875,0.0,0.0,2024-11-23
10.666666666666666,14.2,8.2,55.791666666666664,1024.0874999999999,0.0,0.0,8.245833333333334,14.4,2.4,63.75,1024.2124999999999,0.0,0.0,2024-11-24
9.933333333333332,13.9,6.0,57.75,1028.9666666666665,0.0,0.0,7.820833333333333,13.9,2.7,69.0,1029.1000000000001,0.0,0.0,2024-11-25
9.991666666666667,14.0,6.0,70.04166666666667,1023.1458333333334,8.5,0.0,6.104166666666667,9.1,1.9,83.375,1024.1708333333333,24.5,0.0,2024-11-26
14.516666666666666,19.7,9.8,78.58333333333333,1005.9041666666667,18.0,0.0,11.762499999999998,18.0,7.8,82.04166666666667,1007.0916666666667,1.5,0.0,2024-11-27
13.225,17.6,9.7,44.833333333333336,1005.2875,0.0,0.0,8.816666666666668,15.2,4.3,57.375,1006.85,0.0,0.0,2024-11-28
11.420833333333334,16.1,8.3,43.583333333333336,1002.1124999999998,0.0,0.0,6.933333333333333,14.5,1.5,59.125,1003.6166666666664,0.0,0.0,2024-11-29
10.387500000000001,16.0,5.9,53.791666666666664,1004.2458333333334,0.0,0.0,7.354166666666667,14.9,1.4,61.25,1005.375,0.0,0.0,2024-11-30
11.208333333333334,16.5,7.0,61.791666666666664,1013.7791666666666,0.0,0.0,7.545833333333333,15.5,1.2,69.0,1014.5958333333333,0.0,0.0,2024-12-01
11.420833333333334,16.2,8.2,71.875,1017.7458333333334,0.0,0.0,7.566666666666666,14.9,2.0,74.375,1018.8791666666666,0.0,0.0,2024-12-02
11.866666666666667,16.8,7.6,76.54166666666667,1014.6416666666668,0.0,0.0,8.062500000000002,15.8,2.1,76.375,1016.3458333333332,0.0,0.0,2024-12-03
12.745833333333332,17.4,8.4,59.916666666666664,1010.65,0.0,0.0,9.479166666666666,16.9,3.0,68.58333333333333,1011.25,0.0,0.0,2024-12-04
11.487499999999999,14.6,9.3,54.958333333333336,1008.0958333333333,0.0,0.0,8.854166666666666,14.9,3.8,58.416666666666664,1008.8125,0.0,0.0,2024-12-05
10.970833333333333,16.2,5.5,50.541666666666664,1009.0458333333332,0.0,0.0,7.091666666666666,14.5,0.5,57.0,1010.5416666666666,0.0,0.0,2024-12-06
8.929166666666667,11.8,5.9,54.916666666666664,1012.4083333333333,0.0,0.0,6.970833333333334,13.6,1.6,58.375,1012.2291666666666,0.0,0.0,2024-12-07
7.7,13.5,4.2,55.208333333333336,1010.6958333333332,0.0,0.0,6.220833333333334,11.1,2.2,54.166666666666664,1011.3833333333333,0.0,0.0,2024-12-08
7.733333333333333,12.6,3.2,46.375,1016.75,0.0,0.0,4.175,10.2,-0.6,53.166666666666664,1018.1958333333332,0.0,0.0,2024-12-09
8.466666666666667,13.4,4.8,53.291666666666664,1016.3125,0.0,0.0,3.7916666666666665,10.9,-1.5,62.583333333333336,1017.9416666666666,0.0,0.0,2024-12-10
8.720833333333333,12.9,5.6,51.833333333333336,1013.0666666666666,0.0,0.0,4.616666666666666,10.8,-0.1,64.875,1014.3125,0.0,0.0,2024-12-11
7.0874999999999995,10.3,4.8,40.458333333333336,1016.5375,0.0,0.0,4.133333333333334,11.4,-1.0,52.916666666666664,1017.0041666666666,0.0,0.0,2024-12-12
5.258333333333334,7.8,1.7,53.208333333333336,1014.4583333333334,0.0,0.0,2.2458333333333336,7.4,-2.2,57.541666666666664,1015.7958333333335,0.0,0.0,2024-12-13
7.170833333333333,11.7,3.5,44.333333333333336,1010.225,0.0,0.0,5.079166666666667,10.3,-0.2,44.083333333333336,1011.3541666666666,0.0,0.0,2024-12-14
6.633333333333333,11.6,1.0,50.583333333333336,1011.1999999999999,0.0,0.0,2.845833333333333,10.2,-3.5,51.5,1012.7916666666666,0.0,0.0,2024-12-15
7.679166666666667,12.0,4.1,58.166666666666664,1013.0958333333333,0.0,0.0,4.6625,12.8,-1.4,56.458333333333336,1013.5749999999999,0.0,0.0,2024-12-16
8.029166666666667,13.2,3.0,61.25,1014.6375000000002,0.0,0.0,4.6875,13.0,-1.5,59.541666666666664,1015.6041666666666,0.0,0.0,2024-12-17
7.629166666666666,12.7,3.0,55.125,1014.6791666666668,0.0,0.0,4.633333333333334,12.1,-1.3,61.5,1015.1125000000001,0.0,0.0,2024-12-18
5.233333333333333,7.8,3.0,60.5,1017.6541666666667,0.5,0.0,4.6625,9.2,1.8,58.208333333333336,1017.725,0.0,0.0,2024-12-19
6.541666666666667,11.1,1.2,57.916666666666664,1020.75,0.0,0.0,2.025,6.7,-2.9,59.083333333333336,1023.1708333333332,0.0,0.0,2024-12-20
9.445833333333333,16.1,3.2,61.333333333333336,1008.4458333333333,0.0,0.0,3.2000000000000006,9.9,-3.1,66.66666666666667,1010.4583333333334,0.0,0.0,2024-12-21
6.8999999999999995,10.4,3.2,49.0,1006.9333333333334,0.0,0.0,6.558333333333333,10.4,4.1,33.583333333333336,1007.3791666666666,0.0,0.0,2024-12-22
6.125,10.6,2.6,39.75,1014.3083333333334,0.0,0.0,4.1625000000000005,9.3,0.3,36.375,1014.5458333333332,0.0,0.0,2024-12-23
6.745833333333333,11.4,2.2,47.166666666666664,1017.2541666666667,0.0,0.0,4.566666666666666,11.2,-1.9,43.958333333333336,1017.75,0.0,0.0,2024-12-24
7.704166666666667,10.8,5.1,45.833333333333336,1024.1291666666666,0.0,0.0,3.045833333333333,8.9,-2.4,53.458333333333336,1025.5249999999999,0.0,0.0,2024-12-25
8.887500000000001,14.5,3.8,53.541666666666664,1011.2791666666666,0.0,0.0,6.9125000000000005,15.0,0.0,54.041666666666664,1012.4791666666666,0.0,0.0,2024-12-26
7.379166666666666,11.9,3.9,50.833333333333336,1009.9125,0.0,0.0,5.716666666666666,10.8,1.5,45.583333333333336,1009.8208333333332,0.0,0.0,2024-12-27
5.391666666666667,10.5,1.9,58.5,1011.1041666666666,0.0,0.0,3.4250000000000003,8.7,-0.7,51.833333333333336,1011.7083333333334,0.0,0.0,2024-12-28
6.004166666666666,11.3,0.9,54.208333333333336,1016.3708333333334,0.0,0.0,2.966666666666667,10.8,-3.6,53.208333333333336,1017.3458333333333,0.0,0.0,2024-12-29
6.212500000000001,9.6,3.9,53.291666666666664,1020.1374999999999,0.0,0.0,2.0708333333333333,8.2,-3.5,59.208333333333336,1021.1750000000001,0.0,0.0,2024-12-30
8.025,13.8,3.0,55.166666666666664,1006.3625000000001,0.0,0.0,4.725,13.3,-2.3,56.166666666666664,1008.2375000000001,0.0,0.0,2024-12-31
